{"cameraMode":{"drawMode":0,"name":"Shaded","section":"Shading Mode"},"sceneLighting":true,"audioPlay":false,"sceneViewState":{"m_AlwaysRefresh":false,"showFog":true,"showSkybox":true,"showFlares":true,"showImageEffects":true,"showParticleSystems":true,"showVisualEffectGraphs":true,"m_FxEnabled":true},"in2DMode":false,"pivot":{"x":0.7194280028343201,"y":-0.15332484245300294,"z":0.730468213558197},"rotation":{"x":0.018023045733571054,"y":-0.8600901365280151,"z":0.030457887798547746,"w":0.5089185237884522},"size":0.559021532535553,"orthographic":true}